lon,lat
10.042,47.695
10.042,47.695
10.0708,48.0917
8.67243,49.3988
8.67243,49.3988
10.8978,48.3705
10.8978,48.3705
12.1016,49.0134
10.8978,48.3705
10.8978,48.3705
11.582,48.1351
12.1016,49.0134
12.1016,49.0134
12.1016,49.0134
12.1016,49.0134
10.4895,48.8508
12.1469,48.5442
10.4895,48.8508
10.3158,47.7286
11.582,48.1351
10.4895,48.8508
11.582,48.1351
12.5802,48.8777
12.1016,49.0134
12.1016,49.0134
9.67893,47.5798
12.1016,49.0134
12.1016,49.0134
11.582,48.1351
12.1016,49.0134
11.582,48.1351
12.1016,49.0134
10.8978,48.3705
11.582,48.1351
12.3225,47.7771
12.1016,49.0134
12.8311,48.1726
12.8311,48.1726
12.8311,48.1726
11.863,48.1909
10.4895,48.8508
12.8311,48.1726
12.1016,49.0134
12.4852,48.6435
10.5058,47.7713
12.8311,48.1726
12.1016,49.0134
12.8311,48.1726
12.8311,48.1726
12.1016,49.0134
9.67893,47.5798
11.863,48.1909
12.8311,48.1726
12.8311,48.1726
11.863,48.1909
12.4852,48.6435
11.8508,48.8177
10.2207,47.5592
10.4895,48.8508
10.8704,48.0508
11.863,48.1909
10.8978,48.3705
11.863,48.1909
11.582,48.1351
10.4895,48.8508
12.0294,48.7012
12.4852,48.6435
11.863,48.1909
10.4895,48.8508
12.8311,48.1726
11.4274,47.9102
10.1802,47.9838
10.8704,48.0508
12.8311,48.1726
11.4274,47.9102
10.8704,48.0508
10.4895,48.8508
10.8978,48.3705
12.1181,47.8571
13.4851,48.6148
12.8311,48.1726
11.4258,48.7665
12.1181,47.8571
10.2833,48.4167
12.8311,48.1726
12.1016,49.0134
12.8311,48.1726
10.4895,48.8508
11.582,48.1351
10.2922,47.5743
10.3695,48.5489
12.6384,47.8678
12.6621,49.2239
11.582,48.1351
12.8311,48.1726
11.582,48.1351
10.1561,48.3037
12.8311,48.1726
10.8978,48.3705
10.8978,48.3705
12.0294,48.7012
12.6384,47.8678
12.0294,48.7012
11.4258,48.7665
10.3158,47.7286
10.3158,47.7286
12.8311,48.1726
12.1016,49.0134
10.7778,48.7186
11.4672,49.2773
10.4895,48.8508
10.8978,48.3705
10.4895,48.8508
10.9262,49.1746
10.1213,48.1645
10.8978,48.3705
11.9601,49.1611
10.8978,48.3705
10.1802,47.9838
10.8978,48.3705
10.4108,48.4302
11.9601,49.1611
10.1802,47.9838
10.8978,48.3705
10.5672,48.6147
10.4895,48.8508
10.8978,48.3705
12.9301,47.9347
10.4895,48.8508
10.6021,48.9518
10.494,48.5791
10.494,48.5791
10.4713,48.9263
10.1802,47.9838
10.8943,47.815
10.1802,47.9838
10.6158,47.7785
10.2922,47.5743
10.1466,47.6764
10.494,48.5791
10.8978,48.3705
12.4852,48.6435
12.1469,48.5442
11.1421,47.8407
11.582,48.1351
11.582,48.1351
10.8978,48.3705
11.582,48.1351
10.8943,47.815
10.4895,48.8508
10.494,48.5791
11.8633,49.4403
11.4977,48.5325
10.4108,48.4302
9.67893,47.5798
11.7412,48.4029
10.43,48.5703
11.8633,49.4403
10.2922,47.5743
13.1966,48.4502
12.8816,47.7303
11.136,48.4577
10.8978,48.3705
10.2922,47.5743
10.2207,47.5592
10.8943,47.815
10.9209,48.6902
13.1284,48.9772
10.6021,48.9518
10.4895,48.8508
10.8978,48.3705
10.2922,47.5743
10.494,48.5791
10.43,48.5703
10.5672,48.6147
10.6158,47.7785
10.4895,48.8508
10.2922,47.5743
11.582,48.1351
10.494,48.5791
10.43,48.5703
10.5672,48.6147
10.43,48.5703
10.4738,48.8887
10.5672,48.6147
10.8978,48.3705
10.7557,48.18
11.9601,49.1611
11.4672,49.2773
10.494,48.5791
10.6477,48.6361
10.6854,48.6737
10.6854,48.6737
13.1966,48.4502
10.8943,47.815
11.582,48.1351
11.4258,48.7665
11.7412,48.4029
10.4895,48.8508
10.7557,48.18
10.8943,47.815
11.4258,48.7665
11.7412,48.4029
12.5802,48.8777
12.4313,48.1847
11.8508,48.8177
11.6227,48.766
11.1421,47.8407
11.7887,48.9352
11.8866,48.9184
11.4977,48.5325
11.4977,48.5325
11.9189,48.3115
11.4274,47.9102
11.339,48.0
10.8978,48.3705
10.5995,48.3983
10.7777,48.2281
10.5898,48.3476
10.7211,48.0361
10.6158,47.7785
10.55,47.5833
10.8296,48.2697
10.75,47.9
10.5099,47.914
10.5058,47.7713
10.471,47.7794
12.129,49.4468
10.5716,47.9083
10.8978,48.3705
10.7446,47.8779
10.7778,48.7186
10.4895,48.8508
10.1271,48.1225
11.4678,48.657
10.4738,48.8887
10.9682,48.9287
11.5652,47.7615
11.582,48.1351
11.7412,48.4029
11.646,48.1917
11.5652,47.7615
11.1421,47.8407
11.1421,47.8407
11.8508,48.8177
12.0093,47.864
13.1966,48.4502
13.1966,48.4502
12.6384,47.8678
10.9333,47.9
12.7575,48.4051
11.4339,48.263
11.7671,48.803
11.8866,48.9184
11.7412,48.4029
11.7412,48.4029
11.582,48.1351
11.4258,48.7665
10.8943,47.815
10.4895,48.8508
10.494,48.5791
10.7777,48.2281
10.5995,48.3983
10.8978,48.3705
10.626,47.883
10.55,47.5833
10.7557,48.18
12.3769,49.009
10.4738,48.8887
10.6158,47.7785
10.5037,47.6233
12.1016,49.0134
11.6227,48.766
9.67893,47.5798
11.582,48.1351
10.4895,48.8508
10.2922,47.5743
10.385,49.1075
10.5037,47.6233
10.8978,48.3705
10.6158,47.7785
10.7557,48.18
11.4258,48.7665
10.8943,47.815
10.4738,48.8887
10.5037,47.6233
10.2099,48.2175
10.1013,48.2253
10.4895,48.8508
11.339,48.0
10.4738,48.8887
12.3769,49.009
10.4895,48.8508
10.8978,48.3705
11.582,48.1351
11.6227,48.766
11.4258,48.7665
10.494,48.5791
12.1016,49.0134
12.1016,49.0134
10.43,48.5703
10.4108,48.4302
10.5995,48.3983
11.9601,49.1611
11.582,48.1351
10.7778,48.7186
10.4895,48.8508
10.5037,47.6233
10.8978,48.3705
10.494,48.5791
10.8115,48.1623
10.494,48.5791
11.7412,48.4029
9.6351,47.5786
10.43,48.5703
10.8978,48.3705
10.4895,48.8508
11.4258,48.7665
11.582,48.1351
10.8978,48.3705
11.582,48.1351
11.5652,47.7615
10.5898,48.3476
13.1966,48.4502
12.6384,47.8678
10.5898,48.3476
10.8978,48.3705
11.8508,48.8177
11.582,48.1351
12.4852,48.6435
11.6227,48.766
11.8508,48.8177
11.6918,48.9637
11.6227,48.766
12.1469,48.5442
11.8866,48.9184
11.4258,48.7665
12.6384,47.8678
10.7778,48.7186
10.8978,48.3705
11.1888,48.7303
10.3481,47.661
10.43,48.5703
11.582,48.1351
10.494,48.5791
10.43,48.5703
10.4895,48.8508
10.8978,48.3705
10.6854,48.6737
10.2922,47.5743
10.43,48.5703
12.0093,47.864
10.8978,48.3705
11.136,48.4577
11.1421,47.8407
11.0955,47.4917
11.4339,48.263
11.582,48.1351
10.9865,48.356
11.5005,48.8126
11.7412,48.4029
12.1181,47.8571
11.7833,49.0534
11.582,48.1351
11.0955,47.4917
11.7412,48.4029
10.494,48.5791
11.8831,49.0683
10.7778,48.7186
10.5355,47.7059
11.4339,48.263
12.4852,48.6435
10.7778,48.7186
12.0473,48.2578
11.6194,48.4063
10.8704,48.0508
12.1469,48.5442
11.7817,48.6431
11.582,48.1351
11.6119,48.6822
11.4977,48.5325
12.8816,47.7303
11.6918,48.9637
12.1181,47.8571
11.863,48.1909
11.582,48.1351
11.582,48.1351
11.6227,48.766
10.3158,47.7286
10.626,47.883
10.8296,48.2697
11.136,48.4577
12.8311,48.1726
10.7778,48.7186
11.3488,48.7558
11.6194,48.4063
10.8704,48.0508
12.1469,48.5442
11.582,48.1351
10.9209,48.6902
11.2631,48.5626
12.5802,48.8777
10.7223,48.8722
11.582,48.1351
11.582,48.1351
10.4675,48.2814
12.6384,47.8678
11.582,48.1351
11.4258,48.7665
12.9575,48.8409
10.7778,48.7186
13.1966,48.4502
11.4258,48.7665
10.8704,48.0508
11.7817,48.6431
11.582,48.1351
12.8816,47.7303
11.1421,47.8407
10.7223,48.8722
11.4274,47.9102
11.7833,49.0534
10.4895,48.8508
10.8978,48.3705
10.2922,47.5743
10.7778,48.7186
10.9865,48.356
11.5005,48.8126
11.7817,48.6431
12.4604,47.7614
11.582,48.1351
10.9209,48.6902
10.7223,48.8722
10.8978,48.3705
10.6792,48.5618
10.5995,48.3983
10.494,48.5791
11.4339,48.263
10.7778,48.7186
11.582,48.1351
11.4258,48.7665
12.8816,47.7303
11.5652,47.7615
11.6227,48.766
10.7223,48.8722
10.7223,48.8722
13.2379,49.0178
10.8978,48.3705
11.136,48.4577
11.4977,48.5325
11.863,48.1909
12.8816,47.7303
11.4258,48.7665
10.2833,48.4167
10.5995,48.3983
10.55,47.5833
10.494,48.5791
11.1888,48.7303
12.0417,49.2066
12.0093,47.864
11.136,48.4577
11.136,48.4577
11.582,48.1351
12.8517,49.1768
11.582,48.1351
11.4977,48.5325
13.1284,48.9772
12.1016,49.0134
11.339,48.0
11.1421,47.8407
10.8978,48.3705
13.4851,48.6148
13.4851,48.6148
11.136,48.4577
11.8508,48.8177
12.8311,48.1726
11.4339,48.263
10.9865,48.356
10.8704,48.0508
11.582,48.1351
11.8333,47.79
11.2041,47.6775
11.4977,48.5325
11.582,48.1351
11.5652,47.7615
12.6384,47.8678
12.2245,48.0527
10.7223,48.8722
11.4274,47.9102
10.3481,47.661
11.8508,48.8177
12.0093,47.864
11.4339,48.263
12.0473,48.2578
12.4604,47.7614
11.582,48.1351
12.1181,47.8571
12.1181,47.8571
11.5652,47.7615
12.6384,47.8678
12.2245,48.0527
10.494,48.5791
11.7833,49.0534
11.8831,49.0683
10.1466,47.6764
10.494,48.5791
13.3946,48.8592
12.0093,47.864
10.5355,47.7059
11.7412,48.4029
10.1466,47.6764
11.582,48.1351
11.7833,49.0534
11.1888,48.7303
10.55,47.5833
11.7412,48.4029
10.1802,47.9838
10.4895,48.8508
11.4258,48.7665
11.4258,48.7665
11.7671,48.803
11.4258,48.7665
13.2379,49.0178
11.582,48.1351
11.7817,48.6431
11.6918,48.9637
12.0093,47.864
11.4339,48.263
11.4258,48.7665
11.6227,48.766
12.0093,47.864
11.582,48.1351
10.8978,48.3705
10.494,48.5791
10.55,47.5833
11.582,48.1351
12.0093,47.864
10.7778,48.7186
11.4258,48.7665
10.4895,48.8508
12.1469,48.5442
12.8311,48.1726
10.494,48.5791
10.1466,47.6764
11.6918,48.9637
12.9575,48.8409
10.2207,47.5592
10.2922,47.5743
10.494,48.5791
10.8978,48.3705
10.2922,47.5743
10.8081,48.4247
11.083,48.1053
10.6792,48.5618
10.4108,48.4302
11.0168,48.7006
11.7833,49.0534
11.582,48.1351
11.4258,48.7665
10.8978,48.3705
10.4738,48.8887
11.4258,48.7665
12.4604,47.7614
11.339,48.0
11.582,48.1351
10.494,48.5791
10.6158,47.7785
11.582,48.1351
12.8311,48.1726
12.6384,47.8678
12.0093,47.864
10.8978,48.3705
13.3561,48.7737
12.1469,48.5442
10.2833,48.4167
10.43,48.5703
10.1802,47.9838
11.7833,49.0534
10.494,48.5791
10.2833,48.4167
9.6351,47.5786
10.494,48.5791
10.8978,48.3705
11.582,48.1351
10.4738,48.8887
11.4678,48.657
11.1888,48.7303
11.4678,48.657
10.5355,47.7059
11.4339,48.263
10.7778,48.7186
10.9865,48.356
11.3488,48.7558
11.4258,48.7665
10.4949,48.0462
11.582,48.1351
11.4977,48.5325
12.1181,47.8571
12.1181,47.8571
11.863,48.1909
11.6227,48.766
10.7223,48.8722
10.494,48.5791
10.8296,48.2697
10.7557,48.18
10.3667,48.25
11.6227,49.0853
10.6158,47.7785
10.4172,48.6187
10.4738,48.8887
10.3255,48.6736
10.8537,48.8427
13.2379,49.0178
12.5802,48.8777
11.2631,48.5626
10.9865,48.356
11.6918,48.9637
11.4274,47.9102
10.7223,48.8722
11.6227,48.766
10.4675,48.2814
11.339,48.0
11.136,48.4577
11.4258,48.7665
11.5652,47.7615
11.4678,48.657
11.1888,48.7303
10.7223,48.8722
11.4339,48.263
10.9865,48.356
11.4258,48.7665
11.6194,48.4063
11.7817,48.6431
12.4604,47.7614
11.582,48.1351
11.4977,48.5325
10.9209,48.6902
12.0294,48.7012
11.2631,48.5626
12.5802,48.8777
12.8517,49.1768
12.8832,49.0795
12.6804,48.976
12.6384,47.8678
11.1421,47.8407
10.8978,48.3705
9.6351,47.5786
11.4258,48.7665
11.7833,49.0534
10.7223,48.8722
11.7412,48.4029
10.43,48.5703
10.55,47.5833
11.4258,48.7665
11.582,48.1351
10.43,48.5703
11.7833,49.0534
10.5355,47.7059
12.1489,49.6744
12.2589,49.5976
12.4852,48.6435
10.2922,47.5743
12.6804,48.976
11.6194,48.4063
12.4604,47.7614
10.7223,48.8722
11.136,48.4577
11.1421,47.8407
10.7778,48.7186
11.6227,48.766
10.9209,48.6902
10.7223,48.8722
11.4339,48.263
12.4852,48.6435
12.1795,48.1619
11.582,48.1351
10.7223,48.8722
10.8978,48.3705
11.1888,48.7303
11.136,48.4577
12.7689,48.0581
12.5802,48.8777
10.5355,47.7059
11.582,48.1351
10.8978,48.3705
11.582,48.1351
12.0093,47.864
11.136,48.4577
12.6144,47.7242
13.3561,48.7737
13.0554,48.7703
10.2922,47.5743
10.7778,48.7186
10.3158,47.7286
9.6351,47.5786
11.4274,47.9102
11.4678,48.657
11.1888,48.7303
12.5802,48.8777
12.8832,49.0795
10.5355,47.7059
9.6351,47.5786
13.1284,48.9772
12.5802,48.8777
11.582,48.1351
10.9209,48.6902
10.9209,48.6902
11.7817,48.6431
12.8816,47.7303
11.6918,48.9637
12.6384,47.8678
12.5802,48.8777
12.0093,47.864
10.7764,47.7387
11.4339,48.263
11.863,48.1909
12.6384,47.8678
10.8978,48.3705
11.582,48.1351
10.5355,47.7059
10.1802,47.9838
12.6896,48.2413
10.7764,47.7387
11.4672,49.2773
12.1469,48.5442
9.90714,49.7333
12.1469,48.5442
10.8978,48.3705
12.4852,48.6435
12.5223,49.1941
10.1802,47.9838
11.8866,48.9184
9.6351,47.5786
10.5355,47.7059
9.6351,47.5786
13.0554,48.7703
10.8537,48.8427
9.6351,47.5786
10.8978,48.3705
10.4675,48.2814
11.339,48.0
11.6918,48.9637
11.6194,48.4063
12.0093,47.864
12.6384,47.8678
10.4675,48.2814
12.8311,48.1726
10.4675,48.2814
11.339,48.0
12.9396,48.419
11.1421,47.8407
12.4604,47.7614
10.4675,48.2814
11.4339,48.263
9.6351,47.5786
10.3476,47.8005
11.6194,48.4063
10.9209,48.6902
12.1181,47.8571
11.4274,47.9102
12.5802,48.8777
10.8978,48.3705
11.4678,48.657
11.8866,48.9184
12.5802,48.8777
10.1802,47.9838
9.6351,47.5786
12.1016,49.0134
10.3158,47.7286
10.43,48.5703
10.43,48.5703
10.1802,47.9838
11.4258,48.7665
11.7833,49.0534
11.8633,49.4403
11.6194,48.4063
12.0473,48.2578
10.8704,48.0508
11.7817,48.6431
12.4604,47.7614
10.4949,48.0462
11.582,48.1351
12.5061,48.3599
11.4977,48.5325
11.339,48.0
11.1421,47.8407
11.4274,47.9102
10.1802,47.9838
11.582,48.1351
11.9189,48.3115
10.8978,48.3705
12.6768,48.2246
11.4258,48.7665
10.5355,47.7059
11.4339,48.263
10.3255,48.6736
10.8978,48.3705
10.1802,47.9838
11.8633,49.4403
11.8633,49.4403
10.8978,48.3705
12.4852,48.6435
11.582,48.1351
10.1267,47.9016
12.6384,47.8678
11.3488,48.7558
10.4675,48.2814
12.1181,47.8571
11.339,48.0
10.4675,48.2814
11.4274,47.9102
11.339,48.0
11.1421,47.8407
10.4675,48.2814
12.6384,47.8678
11.339,48.0
11.4274,47.9102
11.1421,47.8407
12.1469,48.5442
10.4675,48.2814
11.1421,47.8407
10.1562,47.9042
11.582,48.1351
11.136,48.4577
11.4339,48.263
10.9865,48.356
11.8866,48.9184
11.9189,48.3115
12.6621,49.2239
12.1469,48.5442
11.7817,48.6431
11.7671,48.803
11.4977,48.5325
11.4977,48.5325
11.4977,48.5325
12.8816,47.7303
11.2631,48.5626
12.6384,47.8678
11.6227,48.766
12.2245,48.0527
11.1421,47.8407
10.8978,48.3705
10.8978,48.3705
12.4852,48.6435
11.7412,48.4029
10.3158,47.7286
10.2804,47.6257
10.1802,47.9838
12.6804,48.976
11.8508,48.8177
11.6194,48.4063
12.1469,48.5442
11.7817,48.6431
11.582,48.1351
11.7671,48.803
11.4977,48.5325
11.4977,48.5325
10.9209,48.6902
12.5802,48.8777
12.4852,48.6435
12.6384,47.8678
11.4274,47.9102
12.9301,47.9347
12.8209,47.8493
11.7412,48.4029
12.5553,48.0252
11.7412,48.4029
12.1016,49.0134
12.6621,49.2239
12.6384,47.8678
12.8311,48.1726
11.136,48.4577
10.9865,48.356
12.6804,48.976
12.6804,48.976
12.8816,47.7303
11.1421,47.8407
12.9575,48.8409
11.1421,47.8407
11.1421,47.8407
10.7778,48.7186
10.8704,48.0508
10.9861,48.2654
10.9865,48.356
13.4851,48.6148
12.8311,48.1726
10.7778,48.7186
11.4339,48.263
10.4675,48.2814
10.9865,48.356
12.6384,47.8678
11.1421,47.8407
10.9865,48.356
10.4675,48.2814
11.4274,47.9102
11.7817,48.6431
12.4852,48.6435
11.7671,48.803
10.4675,48.2814
11.5652,47.7615
12.8311,48.1726
11.4977,48.5325
11.8508,48.8177
11.2631,48.5626
11.4339,48.263
12.6804,48.976
12.6384,47.8678
12.5553,48.0252
11.6227,48.766
11.8508,48.8177
11.4977,48.5325
12.6384,47.8678
11.6227,48.766
11.582,48.1351
12.8816,47.7303
10.8978,48.3705
13.0001,47.6302
10.8537,48.8427
11.4339,48.263
11.582,48.1351
10.7223,48.8722
10.9209,48.6902
13.0554,48.7703
12.522,48.2458
9.67893,47.5798
10.5355,47.7059
12.7689,48.0581
12.9301,47.9347
12.8311,48.1726
10.4949,48.0462
10.8978,48.3705
10.1258,47.6407
10.8978,48.3705
11.7833,49.0534
12.0417,49.2066
12.1304,49.1218
11.1886,49.1891
11.7833,49.0534
11.9359,48.4702
10.3158,47.7286
10.9209,48.6902
10.8978,48.3705
12.1016,49.0134
12.8311,48.1726
11.582,48.1351
11.6227,48.766
12.6384,47.8678
11.4977,48.5325
11.4977,48.5325
11.6194,48.4063
12.6804,48.976
10.4675,48.2814
11.1421,47.8407
10.4675,48.2814
11.4339,48.263
11.1421,47.8407
10.9865,48.356
10.8704,48.0508
11.6227,48.766
11.2631,48.5626
10.9209,48.6902
11.4977,48.5325
12.6804,48.976
11.4977,48.5325
10.8704,48.0508
11.1421,47.8407
12.6804,48.976
10.9209,48.6902
11.4977,48.5325
11.1421,47.8407
11.6227,48.766
12.6804,48.976
11.1421,47.8407
11.6194,48.4063
11.4339,48.263
10.4949,48.0462
11.4339,48.263
11.2631,48.5626
12.1181,47.8571
10.9209,48.6902
11.136,48.4577
12.0093,47.864
11.4977,48.5325
11.5652,47.7615
13.1822,48.8982
12.6804,48.976
11.4274,47.9102
10.9865,48.356
10.6428,48.0616
12.1469,48.5442
11.8508,48.8177
12.1181,47.8571
11.3488,48.7558
10.4675,48.2814
11.136,48.4577
10.9861,48.2654
10.9865,48.356
11.8508,48.8177
12.6896,48.2413
11.2631,48.5626
11.6227,48.766
10.4675,48.2814
12.8311,48.1726
12.8311,48.1726
11.4977,48.5325
10.4949,48.0462
11.582,48.1351
10.8978,48.3705
11.8866,48.9184
10.43,48.5703
12.1016,49.0134
10.7764,47.7387
12.5061,48.3599
12.1016,49.0134
11.582,48.1351
12.1016,49.0134
10.7778,48.7186
12.8311,48.1726
10.5355,47.7059
11.6918,48.9637
12.9301,47.9347
10.8978,48.3705
12.1016,49.0134
10.626,47.883
12.5802,48.8777
10.8978,48.3705
10.1802,47.9838
11.1421,47.8407
12.8311,48.1726
13.0554,48.7703
10.8978,48.3705
10.1802,47.9838
11.6704,49.2312
10.3158,47.7286
11.339,48.0
10.626,47.883
12.8311,48.1726
11.4977,48.5325
12.6804,48.976
12.5802,48.8777
10.4949,48.0462
10.7778,48.7186
10.7778,48.7186
12.5802,48.8777
11.4977,48.5325
12.1469,48.5442
12.1795,48.1619
12.1181,47.8571
12.2245,48.0527
12.0093,47.864
12.5802,48.8777
12.8311,48.1726
11.582,48.1351
10.9865,48.356
11.4339,48.263
11.6194,48.4063
12.4604,47.7614
10.8704,48.0508
12.6804,48.976
10.8704,48.0508
12.2245,48.0527
12.8816,47.7303
11.7817,48.6431
11.8633,49.4403
11.6227,48.766
11.6194,48.4063
12.8311,48.1726
11.4274,47.9102
10.9861,48.2654
11.2631,48.5626
10.4675,48.2814
10.4949,48.0462
12.6384,47.8678
11.136,48.4577
11.8633,49.4403
10.4675,48.2814
11.136,48.4577
10.8704,48.0508
11.4339,48.263
10.9209,48.6902
11.4274,47.9102
11.0955,47.4917
12.5802,48.8777
12.8517,49.1768
10.626,47.883
10.5672,48.6147
12.2589,49.5976
11.136,48.4577
12.8311,48.1726
12.4852,48.6435
12.1016,49.0134
11.8866,48.9184
12.6384,47.8678
12.2245,48.0527
13.0554,48.7703
13.0554,48.7703
12.1016,49.0134
11.6918,48.9637
12.1469,48.5442
11.582,48.1351
10.1802,47.9838
12.8816,47.7303
12.1016,49.0134
10.1802,47.9838
11.7817,48.6431
12.6804,48.976
10.626,47.883
12.1016,49.0134
12.6804,48.976
10.8978,48.3705
13.4622,48.7215
13.0554,48.7703
10.1802,47.9838
13.3561,48.7737
11.8866,48.9184
13.1284,48.9772
10.5355,47.7059
10.5355,47.7059
10.2922,47.5743
12.3526,48.4509
13.0554,48.7703
12.6804,48.976
12.6804,48.976
12.6804,48.976
12.6804,48.976
12.6804,48.976
12.9575,48.8409
12.8311,48.1726
11.8866,48.9184
12.5802,48.8777
12.1795,48.1619
12.6804,48.976
12.8311,48.1726
10.4675,48.2814
12.0093,47.864
11.4977,48.5325
10.4675,48.2814
12.8311,48.1726
11.5652,47.7615
11.1421,47.8407
12.6804,48.976
11.8508,48.8177
11.4339,48.263
12.6804,48.976
12.6804,48.976
12.0417,49.2066
11.8508,48.8177
11.136,48.4577
12.6928,48.9128
13.0554,48.7703
10.8943,47.815
12.5802,48.8777
12.1795,48.1619
10.8978,48.3705
12.5802,48.8777
10.9209,48.6902
12.5802,48.8777
11.8633,49.4403
11.4339,48.263
13.0554,48.7703
13.0554,48.7703
10.9209,48.6902
11.7817,48.6431
11.8633,49.4403
11.582,48.1351
10.7778,48.7186
10.8978,48.3705
11.8633,49.4403
10.9209,48.6902
12.4852,48.6435
11.9359,48.4702
11.0997,47.5165
11.7412,48.4029
12.2245,48.0527
12.4852,48.6435
10.3158,47.7286
10.8978,48.3705
10.4206,47.8462
12.1795,48.1619
11.9189,48.3115
12.522,48.2458
10.5672,48.6147
11.7412,48.4029
11.7412,48.4029
12.9575,48.8409
10.1802,47.9838
10.3158,47.7286
12.0417,49.2066
11.8633,49.4403
11.582,48.1351
12.8311,48.1726
12.6621,49.2239
12.6804,48.976
12.6804,48.976
10.4675,48.2814
12.6804,48.976
12.6804,48.976
12.6804,48.976
12.6804,48.976
12.6804,48.976
12.9575,48.8409
11.9189,48.3115
10.4949,48.0462
11.582,48.1351
11.582,48.1351
11.6918,48.9637
11.5005,48.8126
10.7778,48.7186
12.7689,48.0581
10.7557,48.18
10.7557,48.18
10.7778,48.7186
11.7412,48.4029
11.6194,48.4063
11.4339,48.263
11.582,48.1351
10.1802,47.9838
12.6804,48.976
11.9359,48.4702
11.0997,47.5165
11.582,48.1351
11.9189,48.3115
11.582,48.1351
11.9359,48.4702
11.7412,48.4029
10.8537,48.8427
10.8978,48.3705
10.626,47.883
11.1257,49.1341
10.6428,48.0616
11.6194,48.4063
10.3007,47.941
10.8978,48.3705
12.0417,49.2066
13.0554,48.7703
12.5223,49.1941
13.1829,48.627
11.9359,48.4702
10.494,48.5791
10.3158,47.7286
10.8296,48.2697
10.8978,48.3705
11.6194,48.4063
11.582,48.1351
11.7412,48.4029
12.6804,48.976
12.6804,48.976
12.6804,48.976
9.67893,47.5798
10.7557,48.18
12.0093,47.864
11.4977,48.5325
12.1181,47.8571
10.626,47.883
9.67893,47.5798
10.3158,47.7286
10.5058,47.7713
12.0417,49.2066
10.8978,48.3705
10.5058,47.7713
12.6804,48.976
12.6804,48.976
12.8311,48.1726
12.5802,48.8777
10.8943,47.815
11.9189,48.3115
12.0417,49.2066
10.1802,47.9838
10.626,47.883
12.1469,48.5442
10.494,48.5791
12.1016,49.0134
11.7554,49.497
12.522,48.2458
12.5061,48.3599
12.1469,48.5442
12.8311,48.1726
12.1181,47.8571
9.67893,47.5798
10.1802,47.9838
12.522,48.2458
12.5802,48.8777
12.0417,49.2066
12.8311,48.1726
12.3526,48.4509
12.1469,48.5442
10.626,47.883
9.67893,47.5798
12.1016,49.0134
10.1802,47.9838
12.1469,48.5442
10.5058,47.7713
11.7412,48.4029
12.8311,48.1726
12.1469,48.5442
10.3158,47.7286
12.1469,48.5442
10.9209,48.6902
12.1469,48.5442
12.8311,48.1726
9.67893,47.5798
12.0417,49.2066
10.7211,48.0361
11.339,48.0
10.1802,47.9838
10.43,48.5703
10.3158,47.7286
10.1802,47.9838
10.5898,48.3476
13.0443,48.2557
13.4327,48.4605
13.0443,48.2557
13.1487,48.1066
13.1487,48.1066
8.11856,49.1989
8.11856,49.1989
8.11856,49.1989
6.94777,48.2875
6.84384,48.5894
5.96373,48.6931
6.48818,48.6551
6.13386,48.3022
6.4494,48.1724
6.39335,48.3129
6.33295,48.5954
6.27948,48.7543
6.05513,48.4169
6.52836,48.118
6.71947,48.2113
6.2262,48.2212
6.49234,48.5922
6.29325,48.3723
6.18442,48.6921
6.71757,48.8103
6.05487,48.9033
6.94777,48.2875
6.84384,48.5894
5.96373,48.6931
6.48818,48.6551
6.13386,48.3022
6.4494,48.1724
6.39335,48.3129
6.33295,48.5954
6.27948,48.7543
6.05513,48.4169
6.52836,48.118
6.71947,48.2113
6.2262,48.2212
6.49234,48.5922
6.29325,48.3723
6.18442,48.6921
6.71757,48.8103
6.05487,48.9033
5.99599,48.9789
6.04725,48.085
7.42728,49.0504
6.94777,48.2875
6.84384,48.5894
5.96373,48.6931
6.48818,48.6551
6.13386,48.3022
6.4494,48.1724
6.39335,48.3129
6.33295,48.5954
6.27948,48.7543
6.05513,48.4169
6.52836,48.118
6.71947,48.2113
6.2262,48.2212
6.49234,48.5922
6.29325,48.3723
6.18442,48.6921
6.71757,48.8103
6.05487,48.9033
5.99599,48.9789
6.04725,48.085
7.42728,49.0504
6.94777,48.2875
6.84384,48.5894
5.96373,48.6931
6.48818,48.6551
6.13386,48.3022
6.4494,48.1724
6.39335,48.3129
6.33295,48.5954
6.27948,48.7543
6.05513,48.4169
6.52836,48.118
6.71947,48.2113
6.2262,48.2212
6.49234,48.5922
6.29325,48.3723
6.18442,48.6921
6.71757,48.8103
6.05487,48.9033
5.99599,48.9789
6.04725,48.085
7.42728,49.0504
6.94777,48.2875
6.84384,48.5894
5.96373,48.6931
6.48818,48.6551
6.13386,48.3022
6.4494,48.1724
6.39335,48.3129
6.33295,48.5954
6.27948,48.7543
6.05513,48.4169
6.52836,48.118
6.71947,48.2113
6.2262,48.2212
6.49234,48.5922
6.29325,48.3723
6.18442,48.6921
6.71757,48.8103
6.05487,48.9033
5.99599,48.9789
6.04725,48.085
7.42728,49.0504
6.94777,48.2875
6.84384,48.5894
5.96373,48.6931
6.48818,48.6551
6.13386,48.3022
6.4494,48.1724
6.39335,48.3129
6.33295,48.5954
6.27948,48.7543
6.05513,48.4169
6.52836,48.118
6.71947,48.2113
6.2262,48.2212
6.49234,48.5922
6.29325,48.3723
6.18442,48.6921
6.71757,48.8103
6.05487,48.9033
5.99599,48.9789
6.04725,48.085
7.42728,49.0504
6.71283,49.3276
6.71283,49.3276
6.71283,49.3276
6.71283,49.3276
6.71283,49.3276
6.71283,49.3276
4.83986,50.2415
4.75922,50.434
4.43492,50.2539
4.91275,50.2605
4.75922,50.434
5.09645,50.4912
5.14881,50.6282
4.87199,50.4674
4.43492,50.2539
4.43492,50.2539
4.43492,50.2539
5.15685,50.341
4.87199,50.4674
4.87199,50.4674
4.43492,50.2539
4.63073,50.4467
4.52779,50.3373
4.98333,50.55
4.65785,50.32
4.87199,50.4674
4.55119,50.4823
4.90365,50.5926
4.87199,50.4674
5.14881,50.6282
4.75922,50.434
4.54304,50.1958
4.55119,50.4823
4.5884,50.5287
4.87199,50.4674
4.65785,50.32
4.53454,50.5792
4.87199,50.4674
5.09645,50.4912
5.09645,50.4912
5.09645,50.4912
4.65785,50.32
4.52786,50.4061
4.55119,50.4823
4.91275,50.2605
5.07643,50.5841
5.07776,50.6722
5.10083,50.2957
4.53454,50.5792
4.91275,50.2605
4.91275,50.2605
4.75922,50.434
4.60511,50.2506
4.60511,50.2506
4.91275,50.2605
4.91275,50.2605
4.65785,50.32
4.60511,50.2506
4.65785,50.32
4.43492,50.2539
5.02227,50.3717
4.7961,50.3311
4.43492,50.2539
4.90365,50.5926
4.68843,50.5652
4.65785,50.32
4.43492,50.2539
4.83986,50.2415
4.60511,50.2506
4.43492,50.2539
4.60511,50.2506
4.75922,50.434
4.55119,50.4823
5.00997,50.1855
5.00997,50.1855
4.83333,50.2167
4.87199,50.4674
5.07555,50.4025
4.60511,50.2506
5.15685,50.341
4.75922,50.434
4.65785,50.32
4.83333,50.2167
4.83333,50.2167
4.43492,50.2539
4.43492,50.2539
4.43492,50.2539
4.60511,50.2506
4.83333,50.2167
5.10083,50.2957
4.87786,50.327
5.1246,50.4367
4.87786,50.327
4.61281,50.7159
4.87829,50.3106
4.67869,50.4631
4.67869,50.4631
4.67869,50.4631
4.60511,50.2506
4.90365,50.5926
4.43492,50.2539
4.75922,50.434
4.83986,50.2415
4.90365,50.5926
4.7961,50.3311
4.68843,50.5652
4.90365,50.5926
4.83333,50.2167
4.90365,50.5926
4.65785,50.32
4.87199,50.4674
4.68843,50.5652
4.98333,50.55
4.98333,50.55
4.43492,50.2539
4.55119,50.4823
4.55119,50.4823
4.67869,50.4631
4.55119,50.4823
4.53454,50.5792
5.07555,50.4025
4.7961,50.3311
4.44464,50.4108
5.00162,50.6175
4.67869,50.4631
4.83333,50.2167
4.55119,50.4823
4.75922,50.434
4.75922,50.434
4.75922,50.434
4.87199,50.4674
4.35801,50.5135
4.83986,50.2415
4.44464,50.4108
4.90365,50.5926
4.75922,50.434
4.75922,50.434
4.98333,50.55
4.67869,50.4631
4.65785,50.32
4.91275,50.2605
4.83333,50.2167
5.00162,50.6175
4.55119,50.4823
4.65785,50.32
4.87786,50.327
4.8674,50.3757
4.55119,50.4823
4.83986,50.2415
4.44464,50.4108
5.07643,50.5841
4.90365,50.5926
4.87199,50.4674
4.87199,50.4674
4.87199,50.4674
3.95666,50.4542
4.65785,50.32
4.75922,50.434
5.49963,50.5839
4.52786,50.4061
5.15685,50.341
4.91275,50.2605
4.87199,50.4674
4.75922,50.434
4.44464,50.4108
4.63073,50.4467
4.63073,50.4467
4.90365,50.5926
4.75922,50.434
4.87199,50.4674
4.83986,50.2415
4.83986,50.2415
4.68843,50.5652
4.91275,50.2605
5.10083,50.2957
4.65785,50.32
4.43492,50.2539
4.65785,50.32
4.83986,50.2415
4.90365,50.5926
4.44464,50.4108
4.91275,50.2605
4.91275,50.2605
4.87199,50.4674
4.75922,50.434
4.44464,50.4108
5.07776,50.6722
4.98333,50.55
4.68843,50.5652
4.55119,50.4823
4.67869,50.4631
4.75922,50.434
4.87199,50.4674
5.02227,50.3717
4.87199,50.4674
4.67869,50.4631
4.90365,50.5926
4.44464,50.4108
4.52786,50.4061
5.15685,50.341
5.10083,50.2957
4.98333,50.55
4.75922,50.434
4.98333,50.55
5.15685,50.341
4.98333,50.55
5.09645,50.4912
5.07776,50.6722
4.98333,50.55
4.44464,50.4108
4.44464,50.4108
4.60511,50.2506
4.60511,50.2506
4.44464,50.4108
4.87199,50.4674
4.60511,50.2506
4.43492,50.2539
4.87199,50.4674
4.67869,50.4631
4.67869,50.4631
4.90365,50.5926
4.44464,50.4108
4.43492,50.2539
4.43492,50.2539
4.87199,50.4674
4.87199,50.4674
5.15685,50.341
4.87199,50.4674
4.8,50.5
4.43492,50.2539
5.14881,50.6282
5.14881,50.6282
4.8674,50.3757
5.07776,50.6722
4.67869,50.4631
4.87199,50.4674
4.91275,50.2605
5.15685,50.341
4.83333,50.2167
4.90365,50.5926
4.87199,50.4674
4.87199,50.4674
4.87199,50.4674
4.81503,50.624
4.98333,50.55
5.1246,50.4367
5.1246,50.4367
4.87199,50.4674
4.65785,50.32
5.09645,50.4912
5.1246,50.4367
4.52786,50.4061
5.15685,50.341
4.65785,50.32
4.8674,50.3757
4.87786,50.327
5.09645,50.4912
4.52786,50.4061
4.91275,50.2605
4.68843,50.5652
4.68843,50.5652
4.83986,50.2415
4.65785,50.32
4.60511,50.2506
5.02227,50.3717
4.83333,50.2167
4.91275,50.2605
4.91275,50.2605
4.83333,50.2167
4.55119,50.4823
0.616363,44.203142
-0.2136437,43.1350202
-0.2136437,43.1350202
-0.57918,44.837789
-1.663055,43.388051
0.340128,44.136103
-0.57918,44.837789
3.114932,45.8939949
3.114932,45.8939949
0.0321618,48.9706758
3.162845,46.990896
3.973527,47.856724
5.388925,47.193543
5.04148,47.322047
-3.3702449,47.7482524
0.68484,47.394144
6.15428,47.619788
5.264767,49.55626
6.0240539,47.237829
6.381111,47.8168409
6.381111,47.8168409
5.49081,47.09534
6.15428,47.619788
6.15428,47.619788
1.099971,49.443232
1.1686123,49.2152477
1.402787,49.832774
1.1686123,49.2152477
1.099971,49.443232
1.099971,49.443232
2.3522219,48.856614
2.3522219,48.856614
2.3522219,48.856614
2.3522219,48.856614
2.3522219,48.856614
2.3522219,48.856614
3.083497,48.813071
2.3522219,48.856614
2.3522219,48.856614
2.3522219,48.856614
2.3522219,48.856614
2.3522219,48.856614
2.6103697,48.6912267
2.353663,43.212161
2.353663,43.212161
6.1757156,49.1193089
6.175716,49.119309
6.175716,49.119309
6.184417,48.692054
6.184417,48.692054
1.444209,43.604652
1.444209,43.604652
1.444209,43.604652
1.444209,43.604652
1.444209,43.604652
6.847841,46.954292
6.847841,46.954292
3.236633,50.173538
2.73559,50.736482
-1.553621,47.218371
-0.080893,47.260135
-0.563166,47.478419
3.2874,49.847066
3.219421,49.615576
0.340375,46.580224
0.340375,46.580224
7.2619532,43.7101728
4.805528,43.949317
5.447427,43.529742
6.869433,45.923697
4.835659,45.764043
4.996962,46.3812
4.835659,45.764043
4.835659,45.764043
4.90365,50.59265
8.52758,51.1935
8.05277,51.4073
8.05277,51.4073
8.32562,51.5622
8.05277,51.4073
8.05277,51.4073
8.05277,51.4073
8.02011,51.0943
7.77063,51.0245
8.05277,51.4073
8.05277,51.4073
8.76502,51.4055
7.97391,51.1736
8.05277,51.4073
8.05277,51.4073
8.02011,51.0943
7.85029,51.0282
7.85029,51.0282
8.76502,51.4055
8.76502,51.4055
8.76502,51.4055
8.05277,51.4073
8.05277,51.4073
8.05277,51.4073
8.02011,51.0943
8.61958,51.1127
8.05277,51.4073
7.77063,51.0245
7.85029,51.0282
7.90494,51.1314
8.02011,51.0943
7.79533,51.4377
7.86462,51.3309
8.02011,51.0943
8.02011,51.0943
8.05277,51.4073
8.76502,51.4055
8.05277,51.4073
7.86462,51.3309
8.35577,51.4492
8.05277,51.4073
8.02011,51.0943
8.02011,51.0943
7.86462,51.3309
8.05277,51.4073
8.76502,51.4055
7.85029,51.0282
8.61958,51.1127
8.05277,51.4073
8.29079,51.1526
8.31056,51.1914
7.90494,51.1314
8.02011,51.0943
8.52758,51.1935
7.90494,51.1314
8.70034,51.2002
8.76502,51.4055
7.85029,51.0282
8.02011,51.0943
7.90494,51.1314
8.05277,51.4073
8.05277,51.4073
8.35577,51.4492
8.35577,51.4492
8.35577,51.4492
8.00351,51.3254
8.61958,51.1127
8.05277,51.4073
8.05277,51.4073
8.61958,51.1127
8.05277,51.4073
8.05277,51.4073
7.86462,51.3309
8.61958,51.1127
8.05277,51.4073
8.32562,51.5622
8.28513,51.3511
8.35577,51.4492
8.05277,51.4073
7.79533,51.4377
7.86462,51.3309
7.91144,51.5584
8.28513,51.3511
7.86462,51.3309
8.52758,51.1935
8.05277,51.4073
8.35577,51.4492
8.61958,51.1127
8.02011,51.0943
7.85029,51.0282
8.84746,51.4575
7.79533,51.4377
7.86462,51.3309
8.02011,51.0943
7.79533,51.4377
8.05277,51.4073
8.55977,51.5509
8.05277,51.4073
7.79533,51.4377
8.55977,51.5509
8.29079,51.1526
7.91144,51.5584
8.05277,51.4073
7.85029,51.0282
8.05277,51.4073
8.29079,51.1526
8.29079,51.1526
8.05277,51.4073
8.05277,51.4073
7.86462,51.3309
7.85029,51.0282
7.85029,51.0282
7.86462,51.3309
8.05277,51.4073
8.05277,51.4073
7.86462,51.3309
8.05277,51.4073
7.77063,51.0245
7.86462,51.3309
8.05277,51.4073
8.35577,51.4492
7.85029,51.0282
8.05277,51.4073
8.61958,51.1127
7.85029,51.0282
7.86462,51.3309
7.85029,51.0282
7.85029,51.0282
8.61958,51.1127
8.05277,51.4073
8.61958,51.1127
8.35577,51.4492
8.29079,51.1526
8.29079,51.1526
8.05277,51.4073
8.05277,51.4073
8.05277,51.4073
8.61958,51.1127
8.05277,51.4073
8.05277,51.4073
8.29079,51.1526
8.05277,51.4073
7.85029,51.0282
8.52758,51.1935
7.85029,51.0282
7.85029,51.0282
8.61958,51.1127
8.05277,51.4073
8.05277,51.4073
8.05277,51.4073
8.52758,51.1935
8.05277,51.4073
6.44076,49.6808
6.36742,49.545
6.44076,49.6808
6.36742,49.545
6.44076,49.6808
6.36742,49.545
6.44076,49.6808
6.36742,49.545
6.44076,49.6808
6.36742,49.545
6.13193,49.6116
6.13193,49.6116
6.13193,49.6116
6.13193,49.6116
6.13193,49.6116
6.13193,49.6116
6.13193,49.6116
6.13193,49.6116
6.13193,49.6116
6.52986,49.9664
6.52986,49.9664
6.52986,49.9664
5.81048,49.6851
5.34277,49.7405
5.53351,49.5676
5.71528,50.0005
5.45604,50.3531
5.34416,50.2283
5.07076,49.7947
5.81048,49.6851
5.34277,49.7405
5.53351,49.5676
5.71528,50.0005
5.45604,50.3531
5.34416,50.2283
5.07076,49.7947
5.81048,49.6851
5.34277,49.7405
5.53351,49.5676
5.71528,50.0005
5.45604,50.3531
5.34416,50.2283
5.07076,49.7947
5.81048,49.6851
5.34277,49.7405
5.45604,50.3531
5.07076,49.7947
5.81048,49.6851
5.34277,49.7405
5.45604,50.3531
5.07076,49.7947
4.83333,50.2167
5.71528,50.0005
5.34277,49.7405
5.45604,50.3531
5.34416,50.2283
5.53351,49.5676
5.37273,50.026
5.43418,49.8418
5.07076,49.7947
5.81048,49.6851
4.83333,50.2167
5.71528,50.0005
5.34277,49.7405
5.45604,50.3531
5.34416,50.2283
5.53351,49.5676
5.37273,50.026
5.43418,49.8418
5.07076,49.7947
5.45604,50.3531
5.45604,50.3531
-2.94507,42.687
-1.53993,43.2699
-1.683,43.2809
-1.63782,43.2338
-1.70219,43.2474
-1.70098,43.2256
-1.6706,43.1644
-1.67182,43.1329
-1.74232,43.1246
-1.67334,43.1119
-1.64458,43.13
-1.45679,43.1823
-1.64577,42.8125
-1.45679,43.1823
-1.98387,43.0357
-1.95528,43.0272
-1.67768,42.5268
-2.02395,43.116
-1.80015,43.3708
-1.89128,43.3081
-1.98123,43.3183
-1.99223,43.2476
-2.0212,43.2186
-2.25385,42.8641
-2.51268,42.841
-2.79566,42.5899
6.36101,49.4426
6.14337,49.395
6.92987,49.0532
7.07086,49.106
7.02993,48.9996
7.05259,48.7327
6.63579,48.9229
6.36101,49.4426
6.14337,49.395
6.92987,49.0532
7.07086,49.106
7.02993,48.9996
7.05259,48.7327
6.63579,48.9229
6.36101,49.4426
6.14337,49.395
6.92987,49.0532
7.07086,49.106
7.02993,48.9996
7.05259,48.7327
6.63579,48.9229
6.36101,49.4426
6.14337,49.395
6.92987,49.0532
7.07086,49.106
7.02993,48.9996
7.05259,48.7327
6.63579,48.9229
6.36101,49.4426
6.14337,49.395
6.92987,49.0532
7.07086,49.106
7.02993,48.9996
7.05259,48.7327
6.63579,48.9229
6.36101,49.4426
6.14337,49.395
6.92987,49.0532
7.07086,49.106
7.02993,48.9996
7.05259,48.7327
6.63579,48.9229
6.66652,49.3604
6.64378,49.449
6.71283,49.3276
6.70061,49.2392
7.33984,49.3296
6.66652,49.3604
6.64378,49.449
6.71283,49.3276
6.70061,49.2392
7.33984,49.3296
6.66652,49.3604
6.64378,49.449
6.71283,49.3276
6.70061,49.2392
7.33984,49.3296
6.66652,49.3604
6.64378,49.449
6.71283,49.3276
6.70061,49.2392
7.33984,49.3296
6.66652,49.3604
6.64378,49.449
6.71283,49.3276
6.70061,49.2392
7.33984,49.3296
6.66652,49.3604
6.64378,49.449
6.71283,49.3276
6.70061,49.2392
7.33984,49.3296
4.15445,51.41
3.66601,51.5483
3.57091,51.4537
3.66601,51.5483
3.57091,51.4537
3.66601,51.5483
3.611,51.4988
3.49986,51.5635
3.98342,51.626
3.9185,51.6501
3.9185,51.6501
3.89113,51.5046
3.55588,51.3945
3.611,51.4988
3.73367,51.4257
3.78072,51.3117
3.38792,51.3087
3.611,51.4988
3.611,51.4988
4.07672,51.5491
4.10403,51.5463
4.07672,51.5491
4.10403,51.5463
3.611,51.4988
3.6856,51.3286
4.10403,51.5463
3.78072,51.3117
4.07672,51.5491
3.73367,51.4257
3.611,51.4988
3.89113,51.5046
3.78072,51.3117
4.10332,51.5999
3.61875,51.5773
8.30809,47.47288
7.752111,48.573405
7.752111,48.573405
7.752111,48.573405
7.454241,48.259386
0.616363,44.203142
-0.2136437,43.1350202
-0.2136437,43.1350202
-0.2136437,43.1350202
0.159869,44.500484
-0.2136437,43.1350202
-0.2136437,43.1350202
-0.2136437,43.1350202
-0.2136437,43.1350202
-0.2136437,43.1350202
-0.2136437,43.1350202
-0.2136437,43.1350202
3.882936,45.042768
9.723611,48.283333
9.1732384,47.6779496
8.6724335,49.3987524
7.8138072,48.2565786
9.1732384,47.6779496
9.1732384,47.6779496
8.6724335,49.3987524
9.1732384,47.6779496
9.6121303,47.7782704
8.6946286,48.8921862
9.1732384,47.6779496
9.1732384,47.6779496
7.7395731,47.481606
7.5975507,47.5674422
7.5975507,47.5674422
7.5975507,47.5674422
7.5975507,47.5674422
7.5975507,47.5674422
7.5975507,47.5674422
7.5975507,47.5674422
11.07675,49.45203
11.07675,49.45203
10.89779,48.3705449
10.89779,48.3705449
10.89779,48.3705449
11.07675,49.45203
11.07675,49.45203
12.146853,48.544192
10.902764,49.898814
10.315783,47.72857
11.07675,49.45203
12.5801538,48.8777333
11.07675,49.45203
11.07675,49.45203
11.07675,49.45203
12.1016236,49.0134297
11.07675,49.45203
11.07675,49.45203
10.89779,48.3705449
11.07675,49.45203
11.07675,49.45203
11.07675,49.45203
10.4894906,48.8508157
11.07675,49.45203
12.1016236,49.0134297
11.07675,49.45203
11.6997577,47.8810573
13.404954,52.5200066
13.404954,52.5200066
13.404954,52.5200066
13.404954,52.5200066
7.4446085,46.9479222
7.4446085,46.9479222
7.2437727,47.1401866
7.4446085,46.9479222
7.2437727,47.1401866
7.4446085,46.9479222
7.4446085,46.9479222
7.4446085,46.9479222
7.4446085,46.9479222
7.4446085,46.9479222
7.4446085,46.9479222
7.4446085,46.9479222
7.4446085,46.9479222
7.4446085,46.9479222
7.4446085,46.9479222
4.301565,46.950914
4.828731,46.3068839
4.853947,46.780764
4.828731,46.3068839
4.828731,46.3068839
4.828731,46.3068839
13.996593,53.014542
13.8633409,53.3173433
4.35171,50.85034
2.1734035,41.3850639
2.1734035,41.3850639
2.2544335,41.9304373
4.0744009,48.2973451
4.363073,48.956682
5.334297,47.86683
11.619787,44.8381237
11.3426163,44.494887
10.9200867,44.6488366
-1.519693,52.406822
-3.533899,50.718412
-0.1277583,51.5073509
-1.519693,52.406822
-0.1277583,51.5073509
-0.22309,51.763366
-0.1277583,51.5073509
-0.1277583,51.5073509
-0.1277583,51.5073509
1.0789089,51.280233
-0.1277583,51.5073509
-0.1277583,51.5073509
-1.584852,54.77525
-1.310142,51.059771
-0.1277583,51.5073509
-0.1277583,51.5073509
-1.584852,54.77525
-0.514431,52.439983
-1.584852,54.77525
-1.584852,54.77525
-1.584852,54.77525
-1.584852,54.77525
-0.081157,51.795756
0.262363,52.399539
-0.1277583,51.5073509
-0.1277583,51.5073509
-0.1277583,51.5073509
-1.0872979,53.9599651
-0.1277583,51.5073509
-0.1277583,51.5073509
-0.1277583,51.5073509
-0.1277583,51.5073509
-0.1277583,51.5073509
0.769737,52.220011
-1.310142,51.059771
7.1455683,46.8016663
7.1455683,46.8016663
7.1455683,46.8016663
7.1455683,46.8016663
7.1455683,46.8016663
7.1455683,46.8016663
7.1455683,46.8016663
7.1455683,46.8016663
7.1455683,46.8016663
7.1455683,46.8016663
7.1455683,46.8016663
7.1455683,46.8016663
7.1455683,46.8016663
7.1455683,46.8016663
7.1455683,46.8016663
7.1455683,46.8016663
7.1455683,46.8016663
7.1204652,46.9293433
7.1455683,46.8016663
5.6053727,52.258676
5.6053727,52.258676
6.1960584,52.142736
6.1960584,52.142736
6.1422961,46.1983922
16.9251681,52.406374
9.9936818,53.5510846
9.9936818,53.5510846
9.9936818,53.5510846
1.099971,49.443232
1.099971,49.443232
1.099971,49.443232
1.151361,49.0270129
8.6821267,50.1109221
8.2807631,50.7452841
8.6821267,50.1109221
8.6821267,50.1109221
8.6821267,50.1109221
2.3522219,48.856614
2.3522219,48.856614
2.3522219,48.856614
2.3522219,48.856614
2.3522219,48.856614
2.704426,48.150232
2.3522219,48.856614
2.3522219,48.856614
2.3522219,48.856614
2.3522219,48.856614
2.3522219,48.856614
2.3522219,48.856614
2.3522219,48.856614
2.3522219,48.856614
2.3522219,48.856614
1.714958,48.989323
2.3522219,48.856614
3.299203,48.560149
16.6067304,49.1950982
2.353663,43.212161
2.353663,43.212161
3.215795,43.344233
3.501873,44.517611
2.353663,43.212161
2.353663,43.212161
2.353663,43.212161
4.1769749,43.9961062
12.4963655,41.9027835
12.4963655,41.9027835
12.4963655,41.9027835
9.085176,45.80806
9.1859243,45.4654219
9.1859243,45.4654219
10.3298933,46.1804266
9.085176,45.80806
9.1859243,45.4654219
10.2118019,45.5415526
10.2118019,45.5415526
9.1859243,45.4654219
10.2118019,45.5415526
10.3704671,46.4663571
10.2118019,45.5415526
6.52544,49.073894
6.175716,49.119309
5.3844231,49.1598764
5.998718,49.053754
6.175716,49.119309
6.175716,49.119309
5.158238,48.773605
6.175716,49.119309
5.972523,48.030485
6.175716,49.119309
6.184417,48.692054
17.0385376,51.1078852
17.0385376,51.1078852
17.0385376,51.1078852
17.0385376,51.1078852
17.0385376,51.1078852
17.0385376,51.1078852
17.0385376,51.1078852
7.9924888,47.1211763
13.518915,43.6158299
1.607953,43.114753
2.032871,44.608288
1.444209,43.604652
1.444209,43.604652
1.53157,43.313989
15.60384,48.40999
9.4709494,53.5928618
10.5267696,52.2688736
9.9579652,52.154778
9.9579652,52.154778
8.2145521,53.1434501
3.099575,50.480352
3.080602,50.367874
3.080602,50.367874
3.236633,50.173538
3.057256,50.62925
3.080602,50.367874
3.080602,50.367874
3.080602,50.367874
3.080602,50.367874
3.212056,50.375524
3.057256,50.62925
3.080602,50.367874
3.236633,50.173538
2.90375,50.393268
6.9602786,50.937531
8.7575093,51.7189205
6.9602786,50.937531
6.9602786,50.937531
6.9602786,50.937531
8.0209591,50.8838492
6.9602786,50.937531
6.9602786,50.937531
6.9602786,50.937531
6.9602786,50.937531
6.6555022,50.9451945
6.7734556,51.2277411
6.8401844,51.2964148
6.5899097,51.5460798
-1.553621,47.218371
3.61989,49.564133
3.32342,49.376636
3.32342,49.376636
3.219421,49.615576
8.6221612,45.44693
7.6868565,45.070312
-0.492866,46.84246
4.805528,43.949317
4.805528,43.949317
4.805528,43.949317
4.805528,43.949317
4.805528,43.949317
4.805528,43.949317
7.2619532,43.7101728
6.464993,43.537727
7.845749,49.193323
7.9014677,50.5650804
5.917781,45.564601
5.445327,45.564026
6.2151189,45.839395
6.2151189,45.839395
4.389863,44.620909
6.869433,45.923697
3.907399,47.488173
6.869433,45.923697
4.835659,45.764043
6.869433,45.923697
4.389863,44.620909
6.2151189,45.839395
4.691053,44.480269
4.691053,44.480269
12.4733725,50.7102169
13.05501,47.80949
8.8591583,47.658735
7.9023989,47.3499979
7.54103,47.3927
8.79848,46.47855
8.79848,46.47855
8.7889791,46.1679583
8.79848,46.47855
8.7889791,46.1679583
11.4041024,47.2692124
11.255814,43.76956
11.3307574,43.318809
11.255814,43.76956
11.255814,43.76956
11.255814,43.76956
11.255814,43.76956
10.4016888,43.7228386
11.255814,43.76956
11.255814,43.76956
11.255814,43.76956
11.21819,46.239346
11.657244,46.717705
12.4065686,42.7819352
12.3908279,43.1107168
5.1214201,52.0907374
5.1214201,52.0907374
5.1214201,52.0907374
5.1214201,52.0907374
5.1214201,52.0907374
5.1214201,52.0907374
7.8852075,46.2944841
7.3035589,46.2242699
6.6335971,46.5199617
6.6335971,46.5199617
6.6335971,46.5199617
6.6335971,46.5199617
6.6335971,46.5199617
6.6335971,46.5199617
6.6335971,46.5199617
6.6335971,46.5199617
6.6335971,46.5199617
6.6335971,46.5199617
6.6335971,46.5199617
6.6335971,46.5199617
6.6335971,46.5199617
6.6335971,46.5199617
6.6335971,46.5199617
6.6335971,46.5199617
6.6335971,46.5199617
6.6335971,46.5199617
12.837399,45.780576
12.315515,45.440847
3.3879338,50.6056475
4.32851,50.59787
3.2246995,51.209348
3.3879338,50.6056475
19.8200536,54.3797128
16.3738189,48.2081743
4.1544478,51.4100025
4.7104633,52.0115205
4.690093,51.813298
12.3155,45.4408
12.3155,45.4408
12.3155,45.4408
12.3155,45.4408
12.3155,45.4408
12.3155,45.4408
12.3155,45.4408
12.3155,45.4408
12.3155,45.4408
12.3155,45.4408
12.3155,45.4408
12.3155,45.4408
12.3155,45.4408
12.3155,45.4408
12.3155,45.4408
12.3155,45.4408
12.3155,45.4408
12.3155,45.4408
12.3155,45.4408
12.3155,45.4408
12.3155,45.4408
12.3155,45.4408
12.3155,45.4408
12.3155,45.4408
12.3155,45.4408
12.3155,45.4408
12.3155,45.4408
12.3155,45.4408
12.3155,45.4408
12.3155,45.4408
12.3155,45.4408
12.3155,45.4408
12.3155,45.4408
12.3155,45.4408
12.3155,45.4408
12.3155,45.4408
12.3155,45.4408
12.3155,45.4408
12.3155,45.4408
12.3155,45.4408
12.3155,45.4408
12.3155,45.4408
12.3155,45.4408
12.3155,45.4408
12.3155,45.4408
12.3155,45.4408
12.3155,45.4408
12.3155,45.4408
12.3155,45.4408
12.3155,45.4408
12.3155,45.4408
12.3155,45.4408
12.3155,45.4408
12.3155,45.4408
12.3155,45.4408
12.3155,45.4408
12.3155,45.4408
12.3155,45.4408
12.3155,45.4408
12.3155,45.4408
12.3155,45.4408
12.3155,45.4408
8.21475,47.5269
8.21475,47.5269
8.18606,47.4622
8.18606,47.4622
8.18606,47.4622
8.18606,47.4622
8.18606,47.4622
8.18606,47.4622
8.18606,47.4622
8.18606,47.4622
8.18606,47.4622
8.18606,47.4622
8.18606,47.4622
8.21475,47.5269
8.18606,47.4622
8.18606,47.4622
8.21475,47.5269
8.18606,47.4622
7.35181,47.8659
7.82713,48.658
7.66326,48.4235
7.8421,47.999
9.17324,47.6779
8.67243,49.3988
7.81381,48.2566
9.17324,47.6779
9.17324,47.6779
7.93809,48.3989
8.86279,48.1009
8.27192,47.6327
7.58361,48.0348
8.48753,47.9284
9.17324,47.6779
9.61213,47.7783
9.21059,48.183
8.69463,48.8922
9.17324,47.6779
8.70106,49.0363
9.05764,48.5216
9.10959,48.2923
9.78355,48.4073
9.5002,48.0147
9.07031,49.0809
8.69463,48.8922
8.69463,48.8922
10.1302,48.9627
9.75328,47.9227
9.18293,48.7758
8.74724,48.7122
8.69463,48.8922
9.18293,48.7758
10.1302,48.9627
8.94095,48.4791
8.94095,48.4791
8.69463,48.8922
9.29395,49.0019
8.57658,48.2946
8.34689,48.2918
8.96136,48.3539
9.98761,48.4011
7.86552,48.043
9.77042,49.4885
9.73726,49.1125
8.01188,48.5862
9.32011,48.7433
7.8421,47.999
9.17324,47.6779
8.49816,48.4717
9.32011,48.7433
10.0634,49.1337
8.07678,48.5336
8.88849,49.2489
9.70592,49.384
7.94714,48.3645
8.06565,48.3472
8.88849,49.2489
9.21088,49.1427
8.68485,48.4421
8.68485,48.4421
9.51285,49.7586
9.32011,48.7433
8.07678,48.5336
8.63162,48.1611
8.06868,48.1732
9.18293,48.7758
8.09,48.2774
9.32011,48.7433
9.00883,48.6813
9.00441,48.7075
9.62756,48.5652
9.77042,49.4885
9.18293,48.7758
9.32011,48.7433
8.98112,49.1556
9.00883,48.6813
9.00441,48.7075
9.18293,48.7758
8.68485,48.4421
8.21492,48.2924
8.68485,48.4421
8.63162,48.1611
7.9745,48.5477
7.94714,48.3645
7.55352,47.7336
7.67211,47.8027
9.51956,48.167
10.1302,48.9627
8.71509,48.4647
8.63162,48.1611
8.22852,48.7656
8.22852,48.7656
7.58361,48.0348
8.0096,48.4098
7.64078,48.0971
8.21492,48.2924
7.94714,48.3645
8.62351,48.9486
8.01096,48.2408
8.13806,48.6955
9.73726,49.1125
8.63162,48.1611
9.18293,48.7758
7.94714,48.3645
9.17028,47.7662
7.94714,48.3645
9.21088,49.1427
8.63162,48.1611
9.89383,47.9082
9.77042,49.4885
9.89383,47.9082
8.62351,48.9486
7.95865,48.0915
8.06868,48.1732
8.28305,48.1071
7.70059,48.1437
8.63162,48.1611
8.22852,48.7656
7.82357,47.6519
8.96778,48.3231
7.58361,48.0348
8.22852,48.7656
8.39802,48.9432
8.62351,48.9486
8.68485,48.4421
8.63162,48.1611
8.68485,48.4421
8.94095,48.4791
8.22852,48.7656
8.63162,48.1611
8.27192,47.6327
7.8421,47.999
9.06601,47.693
7.58361,48.0348
9.40125,48.5692
9.48001,47.6618
9.89383,47.9082
8.63162,48.1611
8.68485,48.4421
8.20591,48.8591
8.22852,48.7656
9.17324,47.6779
9.17028,47.7662
8.25624,48.8289
7.58361,48.0348
10.042,47.695
9.79015,48.0951
9.40386,48.1351
8.63162,48.1611
9.75328,47.9227
9.56997,48.2338
8.94095,48.4791
9.61854,49.2861
7.82609,48.0833
7.8421,47.999
9.77042,49.4885
7.58361,48.0348
8.94095,48.4791
8.68485,48.4421
8.63162,48.1611
9.62756,48.5652
8.96136,48.3539
7.58361,48.0348
8.96778,48.3231
9.77042,49.4885
7.58361,48.0348
9.75328,47.9227
8.94095,48.4791
8.63162,48.1611
7.9498,48.4735
9.75328,47.9227
9.21088,49.1427
9.77042,49.4885
7.58361,48.0348
9.56997,48.2338
9.56997,48.2338
9.47133,48.1596
8.21492,48.2924
7.94714,48.3645
8.39802,48.9432
9.51956,48.167
9.77042,49.4885
8.588,48.8484
8.63162,48.1611
8.96778,48.3231
10.1302,48.9627
9.56997,48.2338
8.63162,48.1611
8.68485,48.4421
8.06365,47.7925
8.84953,48.2748
10.2392,48.6224
8.75791,48.2069
9.79015,48.0951
9.2038,48.5069
9.18293,48.7758
8.73312,48.7359
9.05855,48.5606
7.58361,48.0348
8.96778,48.3231
9.77042,49.4885
9.56997,48.2338
9.00441,48.7075
9.77042,49.4885
9.14601,49.072
9.45196,48.6471
8.94095,48.4791
9.18293,48.7758
8.21492,48.2924
9.10202,49.2402
8.0096,48.4098
9.00441,48.7075
7.58361,48.0348
9.56997,48.2338
9.00883,48.6813
9.32665,49.7541
9.00883,48.6813
8.74724,48.7122
9.91944,49.3995
8.22852,48.7656
9.73726,49.1125
8.63162,48.1611
9.47133,48.1596
9.79015,48.0951
9.65725,49.2997
7.58361,48.0348
9.56997,48.2338
9.61854,49.2861
8.84119,48.1334
8.21492,48.2924
8.57658,48.2946
9.56997,48.2338
9.52962,48.8015
9.73726,49.1125
9.21088,49.1427
10.0634,49.1337
9.06432,48.9604
9.17028,47.7662
7.94714,48.3645
9.2038,48.5069
8.94095,48.4791
9.07031,49.0809
7.58361,48.0348
8.87274,48.7536
8.94095,48.4791
7.76968,48.1955
7.70059,48.1437
9.23991,48.3091
7.94714,48.3645
8.63442,48.3537
9.32011,48.7433
9.00883,48.6813
9.47133,48.1596
7.96909,48.4821
9.56997,48.2338
8.63442,48.3537
8.66422,48.3346
9.61378,48.6406
8.21492,48.2924
9.07031,49.0809
7.9498,48.4735
8.96778,48.3231
8.34689,48.2918
8.94095,48.4791
8.63442,48.3537
8.21492,48.2924
8.79197,48.3667
9.18293,48.7758
8.43967,48.7988
8.84953,48.2748
8.94095,48.4791
8.0096,48.4098
7.94714,48.3645
7.8421,47.999
8.68485,48.4421
7.96909,48.4821
9.31295,49.0417
7.58361,48.0348
8.4017,48.3436
9.05764,48.5216
9.89383,47.9082
7.9498,48.4735
8.57658,48.2946
8.94095,48.4791
8.63442,48.3537
8.49816,48.4717
9.77042,49.4885
9.70038,49.5651
9.2646,48.9396
9.63439,49.3827
9.70038,49.5651
7.58361,48.0348
9.31295,49.0417
8.94095,48.4791
7.9498,48.4735
8.63442,48.3537
9.80457,48.7994
7.58361,48.0348
7.9498,48.4735
8.94095,48.4791
9.32011,48.7433
7.58361,48.0348
9.00883,48.6813
9.33581,49.2348
9.31857,48.8294
7.8421,47.999
7.58361,48.0348
7.94714,48.3645
8.96778,48.3231
8.94095,48.4791
8.418,48.4645
9.70038,49.5651
7.94714,48.3645
7.9498,48.4735
9.2038,48.5069
8.63442,48.3537
9.31295,49.0417
9.52962,48.8015
9.45196,48.6471
9.18293,48.7758
8.72004,48.2874
9.32011,48.7433
8.0096,48.4098
7.9498,48.4735
8.63442,48.3537
8.49816,48.4717
8.96778,48.3231
9.82945,48.6215
9.77042,49.4885
9.07031,49.0809
9.75328,47.9227
9.39487,48.4969
8.63442,48.3537
8.68485,48.4421
8.94095,48.4791
8.00684,48.7254
9.52962,48.8015
9.14839,48.9988
8.57658,48.2946
8.7411,48.6246
9.14839,48.9988
9.18293,48.7758
9.05764,48.5216
8.50887,48.3493
9.39487,48.4969
7.9498,48.4735
9.63798,47.8096
8.50887,48.3493
10.1611,48.6894
9.00441,48.7075
9.17028,47.7662
8.57658,48.2946
8.94095,48.4791
9.00441,48.7075
7.58361,48.0348
8.86716,48.595
9.18293,48.7758
9.00441,48.7075
9.00883,48.6813
9.21088,49.1427
9.39487,48.4969
9.43418,48.9471
7.58361,48.0348
8.96778,48.3231
9.21088,49.1427
7.58361,48.0348
8.96778,48.3231
9.62756,48.5652
9.00441,48.7075
9.21088,49.1427
9.76551,48.9999
8.49816,48.4717
9.14003,48.9042
9.00441,48.7075
8.23197,48.2099
10.1611,48.6894
9.31295,49.0417
9.00957,48.796
10.1302,48.9627
10.1302,48.9627
9.76551,48.9999
9.61854,49.2861
9.98761,48.4011
9.32011,48.7433
7.58361,48.0348
9.45196,48.6471
9.39487,48.4969
9.18293,48.7758
8.24995,48.9099
9.00957,48.796
9.37562,48.5561
10.1302,48.9627
8.21492,48.2924
10.0971,48.8367
9.21088,49.1427
8.94095,48.4791
9.61854,49.2861
7.59347,48.1013
9.50295,49.1999
8.48753,47.9284
9.95159,48.0695
7.8421,47.999
9.98761,48.4011
9.80457,48.7994
9.76551,48.9999
7.81381,48.2566
7.57742,47.757
8.07678,48.5336
7.58361,48.0348
9.05764,48.5216
9.21088,49.1427
9.00138,49.0667
8.96897,49.1005
9.61854,49.2861
7.59347,48.1013
9.80457,48.7994
8.60606,48.5884
9.35768,49.04
9.07031,49.0809
10.1611,48.6894
10.1302,48.9627
9.80457,48.7994
10.1302,48.9627
9.89383,47.9082
8.96778,48.3231
8.63162,48.1611
8.09,48.2774
8.75259,48.4172
8.57658,48.2946
9.07031,49.0809
9.00883,48.6813
9.43418,48.9471
9.00957,48.796
7.94714,48.3645
9.00957,48.796
9.00441,48.7075
8.49816,48.4717
8.87274,48.7536
9.05764,48.5216
9.98761,48.4011
7.81381,48.2566
8.07678,48.5336
10.1302,48.9627
9.5002,48.0147
9.65125,48.7054
9.00441,48.7075
9.05764,48.5216
7.58361,48.0348
8.96778,48.3231
9.32665,49.7541
9.80457,48.7994
9.77042,49.4885
9.05764,48.5216
9.5002,48.0147
8.96778,48.3231
8.0096,48.4098
8.07678,48.5336
8.74724,48.7122
10.1302,48.9627
7.58361,48.0348
7.81381,48.2566
7.8421,47.999
9.15714,49.2285
8.68386,49.0681
9.18293,48.7758
7.8421,47.999
8.34689,48.2918
8.50887,48.3493
8.74724,48.7122
10.1611,48.6894
8.7411,48.6246
9.18293,48.7758
9.14601,49.072
9.07031,49.0809
9.79015,48.0951
8.34689,48.2918
9.52962,48.8015
9.39487,48.4969
9.65125,48.7054
9.45196,48.6471
9.14839,48.9988
8.86716,48.595
9.78355,48.4073
8.60606,48.5884
8.16158,48.4743
9.77042,49.4885
9.43418,48.9471
10.1611,48.6894
8.34689,48.2918
9.98761,48.4011
9.00138,49.0667
8.86716,48.595
9.03167,48.2104
8.418,48.4645
8.7411,48.6246
7.5676,47.6532
8.68485,48.4421
9.2038,48.5069
8.63442,48.3537
9.33624,48.0497
7.94714,48.3645
8.68485,48.4421
9.03167,48.2104
9.18293,48.7758
8.588,48.8484
9.65125,48.7054
8.60606,48.5884
10.1611,48.6894
7.76968,48.1955
7.82537,48.3556
8.21492,48.2924
7.8421,47.999
9.00138,49.0667
9.77042,49.4885
7.81381,48.2566
7.76968,48.1955
8.96778,48.3231
8.63442,48.3537
9.5916,47.6682
9.05764,48.5216
9.39487,48.4969
8.60606,48.5884
8.07678,48.5336
9.18293,48.7758
8.79197,48.3667
9.32011,48.7433
9.05855,48.5606
8.63442,48.3537
8.74724,48.7122
9.14601,49.072
9.07031,49.0809
9.18293,48.7758
8.63442,48.3537
9.00883,48.6813
8.20591,48.8591
8.96778,48.3231
7.9498,48.4735
8.75259,48.4172
7.94714,48.3645
9.56997,48.2338
9.65125,48.7054
9.39487,48.4969
9.77042,49.4885
8.06565,48.3472
9.32011,48.7433
7.9498,48.4735
8.0096,48.4098
8.22852,48.7656
8.22852,48.7656
7.9498,48.4735
8.418,48.4645
8.87274,48.7536
9.00441,48.7075
7.94714,48.3645
9.51285,49.7586
8.63442,48.3537
8.94095,48.4791
8.57658,48.2946
9.56997,48.2338
9.65125,48.7054
9.39714,48.875
8.74724,48.7122
9.31857,48.8294
9.73726,49.1125
9.52962,48.8015
9.77042,49.4885
8.4017,48.3436
8.13806,48.6955
7.9498,48.4735
8.4017,48.3436
7.94714,48.3645
7.9498,48.4735
9.51285,49.7586
9.77042,49.4885
7.90955,48.4241
8.07492,48.6266
9.73726,49.1125
7.88423,48.4583
8.16158,48.4743
8.34732,48.335
8.63162,48.1611
8.63442,48.3537
9.39487,48.4969
10.1611,48.6894
9.05855,48.5606
9.00957,48.796
9.78355,48.4073
8.96778,48.3231
7.58361,48.0348
10.1302,48.9627
8.63442,48.3537
7.9498,48.4735
9.53633,48.1135
9.18293,48.7758
8.63442,48.3537
9.51285,49.7586
9.2646,48.9396
9.77042,49.4885
8.79197,48.3667
7.94714,48.3645
9.33624,48.0497
8.09,48.2774
9.32011,48.7433
7.58361,48.0348
7.9498,48.4735
8.4017,48.3436
9.51285,49.7586
7.61733,48.1403
9.98761,48.4011
9.77042,49.4885
9.2646,48.9396
8.48753,47.9284
7.86667,48.3333
9.42967,48.0614
8.09,48.2774
7.80236,48.4489
8.23197,48.2099
9.14601,49.072
8.50887,48.3493
9.31295,49.0417
8.63442,48.3537
8.16158,48.4743
8.16158,48.4743
8.48753,47.9284
8.49795,47.9522
8.09,48.2774
8.01188,48.5862
9.52962,48.8015
10.1611,48.6894
8.44544,47.9294
8.588,48.8484
8.49816,48.4717
9.51285,49.7586
9.51285,49.7586
8.74724,48.7122
8.44544,47.9294
9.18293,48.7758
8.75259,48.4172
8.63442,48.3537
8.86716,48.595
9.2038,48.5069
9.18293,48.7758
8.07678,48.5336
8.57658,48.2946
9.18293,48.7758
9.2038,48.5069
9.51285,49.7586
7.9498,48.4735
8.21492,48.2924
8.86716,48.595
8.86716,48.595
8.21492,48.2924
8.07678,48.5336
8.21492,48.2924
9.51285,49.7586
7.9498,48.4735
9.00957,48.796
8.63442,48.3537
7.9498,48.4735
9.51285,49.7586
8.24995,48.9099
9.35407,49.3224
8.40365,49.0069
8.96778,48.3231
9.51285,49.7586
9.11564,47.9944
9.2038,48.5069
9.73726,49.1125
8.23197,48.2099
9.75328,47.9227
9.18293,48.7758
8.63442,48.3537
9.2038,48.5069
8.24995,48.9099
8.38447,48.2281
9.45196,48.6471
9.31295,49.0417
9.51285,49.7586
8.57658,48.2946
9.45196,48.6471
9.32011,48.7433
8.96778,48.3231
8.96778,48.3231
9.79015,48.0951
8.23197,48.2099
8.94095,48.4791
8.418,48.4645
8.84119,48.1334
9.05764,48.5216
8.79197,48.3667
8.07678,48.5336
9.77042,49.4885
8.72004,48.2874
8.79197,48.3667
8.96778,48.3231
9.80457,48.7994
9.39714,48.875
9.31295,49.0417
8.81921,47.9823
8.06565,48.3472
7.58361,48.0348
8.79197,48.3667
9.70592,49.384
9.18293,48.7758
8.25521,47.7757
8.07678,48.5336
9.36497,48.6823
9.2646,48.9396
9.18288,48.2488
7.81381,48.2566
9.52962,48.8015
7.86667,48.3333
7.58361,48.0348
8.86716,48.595
9.05764,48.5216
9.52962,48.8015
8.16158,48.4743
9.33581,49.2348
9.21526,48.2471
9.11564,47.9944
8.07678,48.5336
9.56997,48.2338
8.19116,47.9238
8.86716,48.595
9.00957,48.796
9.35407,49.3224
8.96778,48.3231
10.1611,48.6894
8.24995,48.9099
9.33581,49.2348
9.45196,48.6471
9.89631,49.0575
8.68485,48.4421
8.0096,48.4098
8.63442,48.3537
9.52962,48.8015
9.00957,48.796
9.31295,49.0417
8.74724,48.7122
9.06432,48.9604
9.00883,48.6813
9.00883,48.6813
9.06432,48.9604
8.84953,48.2748
9.45196,48.6471
9.00957,48.796
9.2646,48.9396
9.39487,48.4969
8.96778,48.3231
7.8421,47.999
9.45012,48.5879
9.39487,48.4969
8.72998,48.7747
9.27029,48.8216
9.34691,48.6244
9.39487,48.4969
9.07031,49.0809
9.2038,48.5069
8.21492,48.2924
8.0096,48.4098
9.32011,48.7433
8.86716,48.595
9.36497,48.6823
9.28727,49.1485
9.14601,49.072
9.31857,48.8294
8.0096,48.4098
9.32011,48.7433
8.63442,48.3537
9.2646,48.9396
8.63442,48.3537
9.77042,49.4885
9.34691,48.6244
7.81381,48.2566
8.96778,48.3231
9.27029,48.8216
9.52962,48.8015
8.72004,48.2874
9.39714,48.875
8.54927,48.7516
9.00883,48.6813
9.00957,48.796
8.96778,48.3231
9.39487,48.4969
9.18293,48.7758
9.18293,48.7758
9.32011,48.7433
9.05764,48.5216
8.72347,48.5474
8.69463,48.8922
9.45196,48.6471
9.34691,48.6244
9.31857,48.8294
9.18293,48.7758
9.18293,48.7758
8.96778,48.3231
9.45558,47.8936
9.32011,48.7433
9.00441,48.7075
8.86716,48.595
9.18293,48.7758
9.05855,48.5606
9.2038,48.5069
8.96778,48.3231
10.1611,48.6894
9.28727,49.1485
9.2038,48.5069
7.81381,48.2566
9.45196,48.6471
9.00883,48.6813
8.23197,48.2099
9.05764,48.5216
9.35407,49.3224
8.0096,48.4098
9.21088,49.1427
9.54131,47.9328
9.18293,48.7758
8.96778,48.3231
8.24995,48.9099
9.2646,48.9396
9.45196,48.6471
9.35407,49.3224
9.52962,48.8015
9.49804,48.4114
9.05855,48.5606
9.18293,48.7758
7.7806,48.1062
9.00441,48.7075
9.39487,48.4969
7.81381,48.2566
8.96778,48.3231
9.00957,48.796
9.34691,48.6244
8.72004,48.2874
9.31857,48.8294
8.24995,48.9099
9.27583,48.6821
9.48001,47.6618
8.418,48.4645
9.00957,48.796
9.37562,48.5561
8.23197,48.2099
9.05764,48.5216
9.28727,49.1485
9.18293,48.7758
9.63798,47.8096
8.20426,47.8692
8.21492,48.2924
9.4435,47.9413
8.84953,48.2748
9.05764,48.5216
9.35768,49.04
9.65125,48.7054
8.74724,48.7122
9.05764,48.5216
9.18293,48.7758
7.81381,48.2566
9.5002,48.0147
9.05764,48.5216
9.18293,48.7758
8.74724,48.7122
8.72347,48.5474
8.4017,48.3436
9.18293,48.7758
8.418,48.4645
9.11564,47.9944
9.45558,47.8936
9.63798,47.8096
8.4017,48.3436
9.37562,48.5561
9.00883,48.6813
8.74724,48.7122
9.07031,49.0809
9.2646,48.9396
8.7583,49.024
7.58361,48.0348
8.07678,48.5336
9.78355,48.4073
9.14839,48.9988
9.07347,48.127
9.18293,48.7758
9.00883,48.6813
9.43418,48.9471
8.96778,48.3231
7.8421,47.999
7.81381,48.2566
9.18293,48.7758
9.98761,48.4011
10.1611,48.6894
9.75328,47.9227
9.21059,48.183
8.96778,48.3231
9.52962,48.8015
9.18293,48.7758
10.1611,48.6894
9.35407,49.3224
9.31295,49.0417
8.4017,48.3436
9.39487,48.4969
9.11564,47.9944
10.1611,48.6894
7.81381,48.2566
8.0096,48.4098
8.74724,48.7122
8.60606,48.5884
9.00957,48.796
9.07031,49.0809
8.84953,48.2748
8.23197,48.2099
9.2646,48.9396
9.5002,48.0147
8.24995,48.9099
9.80457,48.7994
9.00441,48.7075
9.32011,48.7433
9.28727,49.1485
8.24995,48.9099
9.75328,47.9227
9.32011,48.7433
9.11564,47.9944
8.74724,48.7122
8.72998,48.7747
8.418,48.4645
9.39487,48.4969
9.07031,49.0809
8.81921,47.9823
9.78355,48.4073
9.45196,48.6471
9.00138,49.0667
9.78355,48.4073
8.74724,48.7122
9.4223,47.9291
10.1302,48.9627
8.86716,48.595
9.00883,48.6813
8.94095,48.4791
9.00883,48.6813
9.52962,48.8015
9.14839,48.9988
9.28727,49.1485
8.86716,48.595
9.52962,48.8015
9.45196,48.6471
10.1302,48.9627
8.418,48.4645
9.35407,49.3224
8.588,48.8484
9.2038,48.5069
8.86716,48.595
9.17324,47.6779
9.21088,49.1427
9.31857,48.8294
9.78355,48.4073
9.45012,48.5879
8.24995,48.9099
8.07678,48.5336
8.86716,48.595
7.58361,48.0348
9.2646,48.9396
9.45012,48.5879
10.1561,48.3037
9.88089,49.7822
10.1802,47.9838
10.9262,49.1746
10.951,50.176
9.88792,47.6034
10.4108,48.4302
9.6,49.8
10.1802,47.9838
10.4895,48.8508
10.6021,48.9518
10.4738,48.8887
10.2236,50.365
9.57223,49.9892
10.9028,49.8988
11.3807,50.1014
10.9028,49.8988
10.9028,49.8988
9.95335,49.7913
11.3807,50.1014
11.3807,50.1014
10.3298,49.1681
10.4161,49.2467
7.09682,47.0435
8.86582,50.6747
8.07958,50.3986
6.8953,49.1865
6.8585,49.0751
9.65997,47.4743
8.54885,47.4164
8.54885,47.4164
6.15428,47.6198
6.36176,47.3527
6.15428,47.6198
5.86777,46.3874
5.86777,46.3874
6.36176,47.3527
5.77234,46.9029
6.15428,47.6198
5.59235,47.4458
6.15428,47.6198
5.61297,46.5225
5.49081,47.0953
5.7091,46.8364
5.49081,47.0953
5.5508,46.6714
5.49081,47.0953
5.49081,47.0953
6.15428,47.6198
5.8758,46.9397
5.59235,47.4458
5.5508,46.6714
6.14701,47.106
5.59235,47.4458
6.15428,47.6198
6.15428,47.6198
5.8758,46.9397
5.49081,47.0953
5.88324,47.1031
5.59235,47.4458
5.49081,47.0953
6.15428,47.6198
5.49081,47.0953
6.15428,47.6198
6.15428,47.6198
6.38111,47.8168
5.77234,46.9029
6.14701,47.106
5.49081,47.0953
5.8758,46.9397
6.36176,47.3527
6.15428,47.6198
5.59235,47.4458
5.61297,46.5225
6.14701,47.106
5.7091,46.8364
6.14701,47.106
6.15428,47.6198
5.49081,47.0953
5.61297,46.5225
5.86777,46.3874
5.49081,47.0953
5.7091,46.8364
6.36176,47.3527
5.59235,47.4458
5.49081,47.0953
6.15428,47.6198
6.15428,47.6198
6.15428,47.6198
5.49081,47.0953
5.59235,47.4458
6.15428,47.6198
6.15428,47.6198
6.15428,47.6198
5.49081,47.0953
5.49081,47.0953
5.49081,47.0953
5.49081,47.0953
5.88324,47.1031
6.15428,47.6198
6.36176,47.3527
5.88324,47.1031
5.61297,46.5225
6.15428,47.6198
6.14701,47.106
5.59235,47.4458
5.5508,46.6714
5.8758,46.9397
5.49081,47.0953
6.15428,47.6198
6.38111,47.8168
6.36176,47.3527
6.36176,47.3527
5.59235,47.4458
6.15428,47.6198
6.38111,47.8168
6.15428,47.6198
6.38111,47.8168
6.15428,47.6198
6.38111,47.8168
6.38111,47.8168
6.38111,47.8168
6.15428,47.6198
6.36176,47.3527
5.49081,47.0953
5.49081,47.0953
5.59235,47.4458
6.15428,47.6198
5.59235,47.4458
6.15428,47.6198
6.14701,47.106
6.15428,47.6198
6.36176,47.3527
5.8758,46.9397
5.88324,47.1031
5.61297,46.5225
5.8758,46.9397
6.36176,47.3527
5.88324,47.1031
5.61297,46.5225
6.15428,47.6198
5.8758,46.9397
6.15428,47.6198
5.8758,46.9397
5.61297,46.5225
5.59235,47.4458
5.88324,47.1031
5.88324,47.1031
5.61297,46.5225
5.61297,46.5225
6.14701,47.106
6.36176,47.3527
6.14701,47.106
5.77234,46.9029
6.1423,46.1984
6.1423,46.1984
6.1423,46.1984
6.1423,46.1984
6.1423,46.1984
6.1423,46.1984
6.1423,46.1984
6.1423,46.1984
6.1423,46.1984
6.1423,46.1984
6.1423,46.1984
6.1423,46.1984
6.1423,46.1984
6.1423,46.1984
6.1423,46.1984
6.1423,46.1984
6.1423,46.1984
6.1423,46.1984
6.1423,46.1984
6.1423,46.1984
6.1423,46.1984
6.1423,46.1984
6.1423,46.1984
6.1423,46.1984
6.1423,46.1984
6.1423,46.1984
6.1423,46.1984
6.1423,46.1984
6.1423,46.1984
6.1423,46.1984
6.1423,46.1984
6.1423,46.1984
6.1423,46.1984
6.1423,46.1984
6.1423,46.1984
6.1423,46.1984
6.1423,46.1984
6.1423,46.1984
6.1423,46.1984
6.1423,46.1984
6.1423,46.1984
6.1423,46.1984
6.1423,46.1984
6.1423,46.1984
6.1423,46.1984
6.1423,46.1984
6.1423,46.1984
6.1423,46.1984
6.1423,46.1984
6.1423,46.1984
6.1423,46.1984
6.1423,46.1984
6.1423,46.1984
6.1423,46.1984
6.1423,46.1984
6.1423,46.1984
6.1423,46.1984
6.1423,46.1984
6.1423,46.1984
6.1423,46.1984
6.1423,46.1984
6.1423,46.1984
6.1423,46.1984
6.1423,46.1984
6.1423,46.1984
6.1423,46.1984
6.1423,46.1984
6.1423,46.1984
6.1423,46.1984
6.1423,46.1984
6.1423,46.1984
6.1423,46.1984
6.1423,46.1984
6.1423,46.1984
6.1423,46.1984
6.1423,46.1984
6.1423,46.1984
6.1423,46.1984
6.1423,46.1984
6.1423,46.1984
6.1423,46.1984
6.1423,46.1984
6.1423,46.1984
6.1423,46.1984
6.1423,46.1984
6.1423,46.1984
6.1423,46.1984
6.1423,46.1984
6.1423,46.1984
6.1423,46.1984
6.1423,46.1984
6.1423,46.1984
6.1423,46.1984
6.1423,46.1984
6.1423,46.1984
6.1423,46.1984
6.1423,46.1984
6.1423,46.1984
6.1423,46.1984
6.1423,46.1984
6.1423,46.1984
6.1423,46.1984
6.1423,46.1984
6.1423,46.1984
6.1423,46.1984
6.1423,46.1984
6.1423,46.1984
6.1423,46.1984
6.1423,46.1984
6.1423,46.1984
6.1423,46.1984
6.1423,46.1984
6.1423,46.1984
6.1423,46.1984
6.1423,46.1984
6.1423,46.1984
6.1423,46.1984
6.1423,46.1984
6.1423,46.1984
6.1423,46.1984
6.93193,46.993
6.58495,46.9019
6.85897,46.9669
6.84996,46.9547
6.84996,46.9547
6.84996,46.9547
6.84996,46.9547
6.84996,46.9547
6.85897,46.9669
6.78062,46.9032
6.58495,46.9019
6.58495,46.9019
6.93193,46.993
6.58495,46.9019
6.84996,46.9547
6.58495,46.9019
6.58495,46.9019
6.93193,46.993
6.84996,46.9547
7.06732,47.056
6.84996,46.9547
6.58495,46.9019
6.93193,46.993
6.58495,46.9019
6.58495,46.9019
6.93193,46.993
6.84996,46.9547
6.58495,46.9019
6.93193,46.993
6.90646,47.0162
6.84996,46.9547
6.84996,46.9547
6.85897,46.9669
6.58495,46.9019
6.78062,46.9032
6.85897,46.9669
6.90646,47.0162
6.85897,46.9669
6.85897,46.9669
6.90646,47.0162
6.93193,46.993
6.84996,46.9547
6.85897,46.9669
6.85897,46.9669
6.84996,46.9547
6.58495,46.9019
7.06732,47.056
6.90646,47.0162
6.58495,46.9019
6.85897,46.9669
6.90646,47.0162
6.58495,46.9019
6.90646,47.0162
6.84996,46.9547
6.90646,47.0162
6.85897,46.9669
6.58495,46.9019
6.84996,46.9547
6.58495,46.9019
6.90646,47.0162
6.85897,46.9669
7.02123,47.0254
6.93193,46.993
6.84996,46.9547
6.90646,47.0162
6.84996,46.9547
6.85897,46.9669
6.58495,46.9019
6.93193,46.993
6.93193,46.993
6.90646,47.0162
6.85897,46.9669
6.93193,46.993
6.58495,46.9019
6.90646,47.0162
6.58495,46.9019
6.93193,46.993
6.58495,46.9019
6.85897,46.9669
6.93193,46.993
6.85897,46.9669
6.58495,46.9019
6.93193,46.993
7.06732,47.056
6.85897,46.9669
6.84996,46.9547
7.02123,47.0254
6.90646,47.0162
6.93193,46.993
6.84996,46.9547
6.84996,46.9547
6.58495,46.9019
6.90646,47.0162
7.02123,47.0254
7.02123,47.0254
6.90646,47.0162
6.90646,47.0162
7.06732,47.056
6.90646,47.0162
6.93193,46.993
6.90646,47.0162
6.58495,46.9019
6.85897,46.9669
7.02123,47.0254
6.93193,46.993
6.58495,46.9019
6.58495,46.9019
6.90646,47.0162
6.93193,46.993
6.90646,47.0162
7.02123,47.0254
6.58495,46.9019
6.93193,46.993
6.58495,46.9019
6.90646,47.0162
7.02123,47.0254
6.84996,46.9547
7.02123,47.0254
6.93193,46.993
6.58495,46.9019
7.02123,47.0254
6.78062,46.9032
6.78062,46.9032
7.02123,47.0254
6.90646,47.0162
6.93193,46.993
7.02123,47.0254
7.06732,47.056
7.02123,47.0254
7.02123,47.0254
6.90646,47.0162
6.90646,47.0162
7.02123,47.0254
6.58495,46.9019
9.30973,50.3541
9.11138,50.2863
8.19504,50.3942
8.77608,50.0956
8.19504,50.3942
8.33333,49.9833
8.4217,49.9887
8.69492,50.0295
9.11138,50.2863
8.69492,50.0295
8.33333,49.9833
8.98333,50.2
9.29189,50.255
8.6634,49.9915
9.11138,50.2863
9.11138,50.2863
9.11138,50.2863
8.81362,50.2986
9.18637,50.2046
9.11138,50.2863
9.19935,50.426
8.77608,50.0956
8.4217,49.9888
9.18637,50.2046
9.18637,50.2046
9.11138,50.2863
9.30973,50.3541
9.11138,50.2863
9.11138,50.2863
9.11138,50.2863
9.11065,50.2023
9.11065,50.2023
9.11065,50.2023
10.1419,50.1008
9.11065,50.2023
10.1419,50.1008
9.11065,50.2023
9.29189,50.255
9.18637,50.2046
9.1,50.1667
9.18637,50.2046
9.11065,50.2023
8.8666,50.3204
8.81362,50.2986
8.8666,50.3204
8.8666,50.3204
8.8666,50.3204
8.8666,50.3204
8.69492,50.0295
9.18637,50.2046
9.18637,50.2046
9.18637,50.2046
9.18637,50.2046
9.21667,50.1667
9.21667,50.1667
9.21667,50.1667
8.8666,50.3204
9.21667,50.1667
8.984,50.1639
9.11138,50.2863
9.29778,50.3033
9.11065,50.2023
8.69492,50.0295
9.11138,50.2863
8.98333,50.2
9.11065,50.2023
8.8666,50.3204
9.11138,50.2863
9.18637,50.2046
9.11138,50.2863
8.8666,50.3204
8.8666,50.3204
8.8666,50.3204
9.06012,50.1313
8.69492,50.0295
8.8666,50.3204
9.11138,50.2863
8.99056,50.2606
9.04902,50.3556
8.99056,50.2606
9.04902,50.3556
9.11138,50.2863
9.11138,50.2863
9.30973,50.3541
9.11065,50.2023
8.984,50.1639
9.18637,50.2046
9.18637,50.2046
9.11065,50.2023
9.18637,50.2046
9.18637,50.2046
8.69492,50.0295
8.69492,50.0295
8.99056,50.2606
9.18637,50.2046
9.11138,50.2863
9.11138,50.2863
9.18637,50.2046
9.29189,50.255
9.11065,50.2023
9.18637,50.2046
9.11065,50.2023
8.99056,50.2606
9.18637,50.2046
9.11065,50.2023
8.66667,50.5
8.66667,50.5
10.1419,50.1008
8.77608,50.0956
9.11065,50.2023
9.18637,50.2046
9.11065,50.2023
8.66667,50.5
8.66667,50.5
9.04902,50.3556
9.11138,50.2863
9.11138,50.2863
9.2532,50.3429
9.21083,50.3447
8.8,51.15
9.11138,50.2863
10.1419,50.1008
9.11138,50.2863
9.11138,50.2863
9.11138,50.2863
9.11138,50.2863
3.2247,51.2094
3.2247,51.2094
3.2247,51.2094
3.2247,51.2094
3.2247,51.2094
3.2247,51.2094
3.2247,51.2094
3.2247,51.2094
3.2247,51.2094
3.2247,51.2094
3.2247,51.2094
3.2247,51.2094
3.2247,51.2094
3.2247,51.2094
3.2247,51.2094
3.2247,51.2094
3.2247,51.2094
3.2247,51.2094
3.2247,51.2094
3.2247,51.2094
3.2247,51.2094
3.2247,51.2094
3.2247,51.2094
3.2247,51.2094
3.2247,51.2094
3.2247,51.2094
3.2247,51.2094
3.2247,51.2094
3.2247,51.2094
3.2247,51.2094
3.2247,51.2094
3.2247,51.2094
3.2247,51.2094
3.2247,51.2094
3.2247,51.2094
3.2247,51.2094
3.2247,51.2094
3.2247,51.2094
3.2247,51.2094
3.2247,51.2094
3.2247,51.2094
3.2247,51.2094
3.2247,51.2094
3.2247,51.2094
3.2247,51.2094
3.2247,51.2094
3.2247,51.2094
3.2247,51.2094
3.2247,51.2094
3.2247,51.2094
3.2247,51.2094
3.2247,51.2094
3.2247,51.2094
3.2247,51.2094
3.2247,51.2094
3.2247,51.2094
3.2247,51.2094
3.2247,51.2094
